{
  "learningRate": 0.25,
  "layersAmount": 3,
  "nodesAmount": [
    5,
    4,
    2
  ],
  "weights": [
    {
      "rows": 4,
      "cols": 5,
      "data": [
        [
          0.88863546,
          -0.530298,
          -0.34355927,
          -0.05838305,
          0.7149109
        ],
        [
          0.77500224,
          0.83541775,
          0.51229113,
          -0.023425547,
          -0.08103376
        ],
        [
          -0.44680026,
          -0.22087274,
          0.60895437,
          -0.11280519,
          -0.9173121
        ],
        [
          -0.92057776,
          0.46270585,
          0.5281651,
          -1.0797687,
          0.16766992
        ]
      ]
    },
    {
      "rows": 2,
      "cols": 4,
      "data": [
        [
          -1.0794082,
          0.11142617,
          0.4655884,
          0.16986977
        ],
        [
          -0.24411538,
          0.077270195,
          -0.2254299,
          -0.17209263
        ]
      ]
    }
  ],
  "biases": [
    {
      "rows": 4,
      "cols": 1,
      "data": [
        [
          -0.936226
        ],
        [
          -0.6645656
        ],
        [
          -0.87879044
        ],
        [
          0.077239364
        ]
      ]
    },
    {
      "rows": 2,
      "cols": 1,
      "data": [
        [
          -0.5528668
        ],
        [
          -0.5847685
        ]
      ]
    }
  ],
  "file": {
    "path": "bestBird.json"
  }
}