{
  "learningRate": 0.25,
  "layersAmount": 3,
  "nodesAmount": [
    5,
    4,
    2
  ],
  "weights": [
    {
      "rows": 4,
      "cols": 5,
      "data": [
        [
          -0.43138334,
          0.3693037,
          -0.9823735,
          -0.74913645,
          0.48054218
        ],
        [
          0.8029896,
          -0.65397686,
          0.50934273,
          0.061172668,
          0.8240881
        ],
        [
          -0.4712199,
          -0.054181278,
          -0.93458927,
          0.5670774,
          0.25369
        ],
        [
          0.50140166,
          -0.86202115,
          0.8368757,
          -0.6330177,
          0.24624288
        ]
      ]
    },
    {
      "rows": 2,
      "cols": 4,
      "data": [
        [
          -0.028630137,
          -0.7204683,
          0.95348954,
          -0.32369158
        ],
        [
          -0.62726575,
          0.71537375,
          0.99457216,
          -0.243695
        ]
      ]
    }
  ],
  "biases": [
    {
      "rows": 4,
      "cols": 1,
      "data": [
        [
          -0.96949863
        ],
        [
          0.49166763
        ],
        [
          0.73103297
        ],
        [
          -0.03942107
        ]
      ]
    },
    {
      "rows": 2,
      "cols": 1,
      "data": [
        [
          0.4633218
        ],
        [
          0.13912916
        ]
      ]
    }
  ],
  "file": {
    "path": "bestBird.json"
  }
}