{
  "learningRate": 0.25,
  "layersAmount": 3,
  "nodesAmount": [
    5,
    4,
    2
  ],
  "weights": [
    {
      "rows": 4,
      "cols": 5,
      "data": [
        [
          0.72877747,
          -0.74221694,
          -0.6528197,
          -0.2937382,
          -0.49349406
        ],
        [
          -0.5998786,
          0.31012756,
          0.16348481,
          -0.5489846,
          -0.5558333
        ],
        [
          -0.8644496,
          0.32185277,
          0.12708071,
          -0.67092067,
          0.6308379
        ],
        [
          0.7897662,
          -0.34333047,
          -0.42262706,
          0.03681296,
          0.10589711
        ]
      ]
    },
    {
      "rows": 2,
      "cols": 4,
      "data": [
        [
          -0.75166863,
          0.3912302,
          0.45768097,
          -0.91495866
        ],
        [
          -0.6308952,
          0.75541586,
          -0.50966173,
          -0.14409557
        ]
      ]
    }
  ],
  "biases": [
    {
      "rows": 4,
      "cols": 1,
      "data": [
        [
          -0.5402955
        ],
        [
          1.0841439
        ],
        [
          -0.740038
        ],
        [
          0.15163104
        ]
      ]
    },
    {
      "rows": 2,
      "cols": 1,
      "data": [
        [
          -0.257507
        ],
        [
          -0.9055216
        ]
      ]
    }
  ],
  "file": {
    "path": "bestBird.json"
  }
}